INSERT INTO MENU_ITEMS (mItemID, mItemName, mitemCalories, mItemPrice, mItemCategory) 
VALUES ('MI0000000001', 'Big Mac', 550, 5.99, 'Burger');
INSERT INTO MENU_ITEMS (mItemID, mItemName, mitemCalories, mItemPrice, mItemCategory) 
VALUES ('MI0000000002', 'McChicken', 400, 4.99, 'Chicken Sandwich');
INSERT INTO MENU_ITEMS (mItemID, mItemName, mitemCalories, mItemPrice, mItemCategory) 
VALUES ('MI0000000003', 'McDouble', 410, 2.99, 'Burger');
INSERT INTO MENU_ITEMS (mItemID, mItemName, mitemCalories, mItemPrice, mItemCategory) 
VALUES ('MI0000000004', 'Quarter Pounder with Cheese', 530, 6.49, 'Burger');
INSERT INTO MENU_ITEMS (mItemID, mItemName, mitemCalories, mItemPrice, mItemCategory) 
VALUES ('MI0000000005', 'Filet-O-Fish', 380, 4.79, 'Fish Sandwich');
INSERT INTO MENU_ITEMS (mItemID, mItemName, mitemCalories, mItemPrice, mItemCategory) 
VALUES ('MI0000000006', 'Chicken McNuggets (6 pieces)', 280, 4.29, 'Chicken');
INSERT INTO MENU_ITEMS (mItemID, mItemName, mitemCalories, mItemPrice, mItemCategory) 
VALUES ('MI0000000007', 'Egg McMuffin', 300, 3.49, 'Breakfast');
INSERT INTO MENU_ITEMS (mItemID, mItemName, mitemCalories, mItemPrice, mItemCategory) 
VALUES ('MI0000000008', 'Hash Browns', 150, 1.29, 'Breakfast');
INSERT INTO MENU_ITEMS (mItemID, mItemName, mitemCalories, mItemPrice, mItemCategory) 
VALUES ('MI0000000009', 'Apple Pie', 230, 1.39, 'Dessert');
INSERT INTO MENU_ITEMS (mItemID, mItemName, mitemCalories, mItemPrice, mItemCategory) 
VALUES ('MI0000000010', 'McFlurry', 510, 3.99, 'Dessert');
INSERT INTO MENU_ITEMS (mItemID, mItemName, mitemCalories, mItemPrice, mItemCategory) 
VALUES ('MI0000000011', 'McChicken', 200, 2.99, 'Burger');




--PREPARES
INSERT INTO PREPARES (franchiseID, mItemID) 
VALUES ('FA0000000001', 'MI0000000001');

INSERT INTO PREPARES (franchiseID, mItemID) 
VALUES ('FA0000000001', 'MI0000000002');  -- McChicken

INSERT INTO PREPARES (franchiseID, mItemID) 
VALUES ('FA0000000001', 'MI0000000003');  -- McDouble

INSERT INTO PREPARES (franchiseID, mItemID) 
VALUES ('FA0000000001', 'MI0000000004');  -- Quarter Pounder with Cheese

INSERT INTO PREPARES (franchiseID, mItemID) 
VALUES ('FA0000000001', 'MI0000000005');  -- Filet-O-Fish

INSERT INTO PREPARES (franchiseID, mItemID) 
VALUES ('FA0000000001', 'MI0000000006');  -- Chicken McNuggets (6 pieces)

INSERT INTO PREPARES (franchiseID, mItemID) 
VALUES ('FA0000000001', 'MI0000000007');  -- Egg McMuffin

INSERT INTO PREPARES (franchiseID, mItemID) 
VALUES ('FA0000000001', 'MI0000000008');  -- Hash Browns

INSERT INTO PREPARES (franchiseID, mItemID) 
VALUES ('FA0000000001', 'MI0000000009');  -- Apple Pie

INSERT INTO PREPARES (franchiseID, mItemID) 
VALUES ('FA0000000001', 'MI0000000010');

INSERT INTO PREPARES (franchiseID, mItemID) 
VALUES ('FA0000000002', 'MI0000000001');  -- McChicken

INSERT INTO PREPARES (franchiseID, mItemID) 
VALUES ('FA0000000002', 'MI0000000003');  -- McDouble

INSERT INTO PREPARES (franchiseID, mItemID) 
VALUES ('FA0000000002', 'MI0000000004');  -- Quarter Pounder with Cheese

INSERT INTO PREPARES (franchiseID, mItemID) 
VALUES ('FA0000000002', 'MI0000000005');  -- Filet-O-Fish

INSERT INTO PREPARES (franchiseID, mItemID) 
VALUES ('FA0000000002', 'MI0000000006');  -- Chicken McNuggets (6 pieces)

INSERT INTO PREPARES (franchiseID, mItemID) 
VALUES ('FA0000000002', 'MI0000000007');  -- Egg McMuffin

INSERT INTO PREPARES (franchiseID, mItemID) 
VALUES ('FA0000000002', 'MI0000000008');  -- Hash Browns

INSERT INTO PREPARES (franchiseID, mItemID) 
VALUES ('FA0000000002', 'MI0000000009');  -- Apple Pie

INSERT INTO PREPARES (franchiseID, mItemID) 
VALUES ('FA0000000002', 'MI0000000010');

INSERT INTO PREPARES (franchiseID, mItemID) 
VALUES ('FA0000000003', 'MI0000000003');

INSERT INTO PREPARES (franchiseID, mItemID) 
VALUES ('FA0000000003', 'MI0000000004');

INSERT INTO PREPARES (franchiseID, mItemID) 
VALUES ('FA0000000003', 'MI0000000005');

INSERT INTO PREPARES (franchiseID, mItemID) 
VALUES ('FA0000000003', 'MI0000000006');

INSERT INTO PREPARES (franchiseID, mItemID) 
VALUES ('FA0000000003', 'MI0000000007');

INSERT INTO PREPARES (franchiseID, mItemID) 
VALUES ('FA0000000003', 'MI0000000008');

INSERT INTO PREPARES (franchiseID, mItemID) 
VALUES ('FA0000000003', 'MI0000000009');

INSERT INTO PREPARES (franchiseID, mItemID) 
VALUES ('FA0000000003', 'MI0000000010');

INSERT INTO PREPARES (franchiseID, mItemID) 
VALUES ('FA0000000003', 'MI0000000011');

INSERT INTO PREPARES (franchiseID, mItemID) 
VALUES ('FA0000000004', 'MI0000000001');

INSERT INTO PREPARES (franchiseID, mItemID) 
VALUES ('FA0000000004', 'MI0000000002');

INSERT INTO PREPARES (franchiseID, mItemID) 
VALUES ('FA0000000004', 'MI0000000003');

INSERT INTO PREPARES (franchiseID, mItemID) 
VALUES ('FA0000000004', 'MI0000000005');
INSERT INTO PREPARES (franchiseID, mItemID) 
VALUES ('FA0000000004', 'MI0000000006');
INSERT INTO PREPARES (franchiseID, mItemID) 
VALUES ('FA0000000004', 'MI0000000007');
INSERT INTO PREPARES (franchiseID, mItemID) 
VALUES ('FA0000000004', 'MI0000000008');
INSERT INTO PREPARES (franchiseID, mItemID) 
VALUES ('FA0000000004', 'MI0000000009');
INSERT INTO PREPARES (franchiseID, mItemID) 
VALUES ('FA0000000004', 'MI0000000010');
INSERT INTO PREPARES (franchiseID, mItemID) 
VALUES ('FA0000000004', 'MI0000000011');

INSERT INTO PREPARES (franchiseID, mItemID) 
VALUES ('FA0000000005', 'MI0000000001');
INSERT INTO PREPARES (franchiseID, mItemID) 
VALUES ('FA0000000005', 'MI0000000002');
INSERT INTO PREPARES (franchiseID, mItemID) 
VALUES ('FA0000000005', 'MI0000000003');
INSERT INTO PREPARES (franchiseID, mItemID) 
VALUES ('FA0000000005', 'MI0000000004');
INSERT INTO PREPARES (franchiseID, mItemID) 
VALUES ('FA0000000005', 'MI0000000006');
INSERT INTO PREPARES (franchiseID, mItemID) 
VALUES ('FA0000000005', 'MI0000000007');
INSERT INTO PREPARES (franchiseID, mItemID) 
VALUES ('FA0000000005', 'MI0000000008');
INSERT INTO PREPARES (franchiseID, mItemID) 
VALUES ('FA0000000005', 'MI0000000009');
INSERT INTO PREPARES (franchiseID, mItemID) 
VALUES ('FA0000000005', 'MI0000000010');
INSERT INTO PREPARES (franchiseID, mItemID) 
VALUES ('FA0000000005', 'MI0000000011');

INSERT INTO PREPARES (franchiseID, mItemID) 
VALUES ('FA0000000006', 'MI0000000001');
INSERT INTO PREPARES (franchiseID, mItemID) 
VALUES ('FA0000000006', 'MI0000000002');
INSERT INTO PREPARES (franchiseID, mItemID) 
VALUES ('FA0000000006', 'MI0000000003');
INSERT INTO PREPARES (franchiseID, mItemID) 
VALUES ('FA0000000006', 'MI0000000004');
INSERT INTO PREPARES (franchiseID, mItemID) 
VALUES ('FA0000000006', 'MI0000000005');


INSERT INTO PREPARES (franchiseID, mItemID) 
VALUES ('FA0000000004', 'MI0000000004');

INSERT INTO PREPARES (franchiseID, mItemID) 
VALUES ('FA0000000005', 'MI0000000005');

INSERT INTO PREPARES (franchiseID, mItemID) 
VALUES ('FA0000000006', 'MI0000000006');

INSERT INTO PREPARES (franchiseID, mItemID) 
VALUES ('FA0000000007', 'MI0000000007');

INSERT INTO PREPARES (franchiseID, mItemID) 
VALUES ('FA0000000008', 'MI0000000008');

INSERT INTO PREPARES (franchiseID, mItemID) 
VALUES ('FA0000000009', 'MI0000000009');

INSERT INTO PREPARES (franchiseID, mItemID) 
VALUES ('FA0000000010', 'MI0000000010');


--PROMOTIONS
INSERT INTO PROMOTIONS (promoID, promo_name, promo_validity, promo_start_date)
VALUES ('PR0000000001', 'Winter Sale', TO_DATE('2024-12-31', 'YYYY-MM-DD'), TO_DATE('2024-12-01', 'YYYY-MM-DD'));

INSERT INTO PROMOTIONS (promoID, promo_name, promo_validity, promo_start_date)
VALUES ('PR0000000002', 'Black Friday Offer', TO_DATE('2024-11-30', 'YYYY-MM-DD'), TO_DATE('2024-11-01', 'YYYY-MM-DD'));

INSERT INTO PROMOTIONS (promoID, promo_name, promo_validity, promo_start_date)
VALUES ('PR0000000003', 'Holiday Deals', TO_DATE('2025-01-10', 'YYYY-MM-DD'), TO_DATE('2024-12-20', 'YYYY-MM-DD'));

INSERT INTO PROMOTIONS (promoID, promo_name, promo_validity, promo_start_date)
VALUES ('PR0000000004', 'Summer Special', TO_DATE('2025-06-30', 'YYYY-MM-DD'), TO_DATE('2025-06-01', 'YYYY-MM-DD'));

INSERT INTO PROMOTIONS (promoID, promo_name, promo_validity, promo_start_date)
VALUES ('PR0000000005', 'End of Year Clearance', TO_DATE('2024-12-31', 'YYYY-MM-DD'), TO_DATE('2024-12-15', 'YYYY-MM-DD'));

INSERT INTO PROMOTIONS (promoID, promo_name, promo_validity, promo_start_date)
VALUES ('PR0000000006', 'Early Bird Discount', TO_DATE('2025-03-31', 'YYYY-MM-DD'), TO_DATE('2025-03-01', 'YYYY-MM-DD'));

INSERT INTO PROMOTIONS (promoID, promo_name, promo_validity, promo_start_date)
VALUES ('PR0000000007', 'Spring Promo', TO_DATE('2025-04-30', 'YYYY-MM-DD'), TO_DATE('2025-04-01', 'YYYY-MM-DD'));

INSERT INTO PROMOTIONS (promoID, promo_name, promo_validity, promo_start_date)
VALUES ('PR0000000008', 'Exclusive Offer', TO_DATE('2024-10-31', 'YYYY-MM-DD'), TO_DATE('2024-10-01', 'YYYY-MM-DD'));

INSERT INTO PROMOTIONS (promoID, promo_name, promo_validity, promo_start_date)
VALUES ('PR0000000009', 'Customer Appreciation Day', TO_DATE('2024-12-05', 'YYYY-MM-DD'), TO_DATE('2024-12-01', 'YYYY-MM-DD'));

INSERT INTO PROMOTIONS (promoID, promo_name, promo_validity, promo_start_date)
VALUES ('PR0000000010', 'Gift Card Special', TO_DATE('2024-12-25', 'YYYY-MM-DD'), TO_DATE('2024-12-01', 'YYYY-MM-DD'));

INSERT INTO PROMO_OFFERS (promoID, promo_offers)
VALUES ('PR0000000001', '20% off on all items');

INSERT INTO PROMO_OFFERS (promoID, promo_offers)
VALUES ('PR0000000002', '50% off on selected items');

INSERT INTO PROMO_OFFERS (promoID, promo_offers)
VALUES ('PR0000000003', 'Buy one get one free');

INSERT INTO PROMO_OFFERS (promoID, promo_offers)
VALUES ('PR0000000004', '25% off on all meals');

INSERT INTO PROMO_OFFERS (promoID, promo_offers)
VALUES ('PR0000000005', '30% off on all electronics');

INSERT INTO PROMO_OFFERS (promoID, promo_offers)
VALUES ('PR0000000006', '10% off on first purchase');

INSERT INTO PROMO_OFFERS (promoID, promo_offers)
VALUES ('PR0000000007', 'Free delivery on orders over $50');

INSERT INTO PROMO_OFFERS (promoID, promo_offers)
VALUES ('PR0000000008', 'Free drink with any purchase');

INSERT INTO PROMO_OFFERS (promoID, promo_offers)
VALUES ('PR0000000009', 'Exclusive 15% discount for members');

INSERT INTO PROMO_OFFERS (promoID, promo_offers)
VALUES ('PR0000000010', 'Get a $5 gift card with $50 purchase');

INSERT INTO MARKETING_CAMPAIGNS (campaignID, validity, campaign_type, budget_alloted)
VALUES ('MC0000000001', TO_DATE('2024-12-31', 'YYYY-MM-DD'), 'Seasonal', 10000);

INSERT INTO MARKETING_CAMPAIGNS (campaignID, validity, campaign_type, budget_alloted)
VALUES ('MC0000000002', TO_DATE('2024-11-30', 'YYYY-MM-DD'), 'Discount', 15000);

INSERT INTO MARKETING_CAMPAIGNS (campaignID, validity, campaign_type, budget_alloted)
VALUES ('MC0000000003', TO_DATE('2025-01-10', 'YYYY-MM-DD'), 'Promotional', 20000);

INSERT INTO MARKETING_CAMPAIGNS (campaignID, validity, campaign_type, budget_alloted)
VALUES ('MC0000000004', TO_DATE('2025-06-30', 'YYYY-MM-DD'), 'Summer', 25000);

INSERT INTO MARKETING_CAMPAIGNS (campaignID, validity, campaign_type, budget_alloted)
VALUES ('MC0000000005', TO_DATE('2024-12-31', 'YYYY-MM-DD'), 'Clearance', 12000);

INSERT INTO MARKETING_CAMPAIGNS (campaignID, validity, campaign_type, budget_alloted)
VALUES ('MC0000000006', TO_DATE('2025-03-31', 'YYYY-MM-DD'), 'New Year', 30000);

INSERT INTO MARKETING_CAMPAIGNS (campaignID, validity, campaign_type, budget_alloted)
VALUES ('MC0000000007', TO_DATE('2025-04-30', 'YYYY-MM-DD'), 'Spring', 35000);

INSERT INTO MARKETING_CAMPAIGNS (campaignID, validity, campaign_type, budget_alloted)
VALUES ('MC0000000008', TO_DATE('2024-10-31', 'YYYY-MM-DD'), 'Exclusive', 10000);

INSERT INTO MARKETING_CAMPAIGNS (campaignID, validity, campaign_type, budget_alloted)
VALUES ('MC0000000009', TO_DATE('2024-12-05', 'YYYY-MM-DD'), 'Appreciation', 5000);

INSERT INTO MARKETING_CAMPAIGNS (campaignID, validity, campaign_type, budget_alloted)
VALUES ('MC0000000010', TO_DATE('2024-12-25', 'YYYY-MM-DD'), 'Gift Card', 8000);

INSERT INTO ORGANISED_PROMO (campaign_id, promo_id)
VALUES ('MC0000000001', 'PR0000000001');

INSERT INTO ORGANISED_PROMO (campaign_id, promo_id)
VALUES ('MC0000000002', 'PR0000000002');

INSERT INTO ORGANISED_PROMO (campaign_id, promo_id)
VALUES ('MC0000000003', 'PR0000000003');

INSERT INTO ORGANISED_PROMO (campaign_id, promo_id)
VALUES ('MC0000000004', 'PR0000000004');

INSERT INTO ORGANISED_PROMO (campaign_id, promo_id)
VALUES ('MC0000000005', 'PR0000000005');

INSERT INTO ORGANISED_PROMO (campaign_id, promo_id)
VALUES ('MC0000000006', 'PR0000000006');

INSERT INTO ORGANISED_PROMO (campaign_id, promo_id)
VALUES ('MC0000000007', 'PR0000000007');

INSERT INTO ORGANISED_PROMO (campaign_id, promo_id)
VALUES ('MC0000000008', 'PR0000000008');

INSERT INTO ORGANISED_PROMO (campaign_id, promo_id)
VALUES ('MC0000000009', 'PR0000000009');

INSERT INTO ORGANISED_PROMO (campaign_id, promo_id)
VALUES ('MC0000000010', 'PR0000000010');

INSERT INTO CONDUCTED_CAMPAIGNS (franchise_id, campaign_id)
VALUES ('FA0000000001', 'MC0000000001');

INSERT INTO CONDUCTED_CAMPAIGNS (franchise_id, campaign_id)
VALUES ('FA0000000002', 'MC0000000002');

INSERT INTO CONDUCTED_CAMPAIGNS (franchise_id, campaign_id)
VALUES ('FA0000000003', 'MC0000000003');

INSERT INTO CONDUCTED_CAMPAIGNS (franchise_id, campaign_id)
VALUES ('FA0000000004', 'MC0000000004');

INSERT INTO CONDUCTED_CAMPAIGNS (franchise_id, campaign_id)
VALUES ('FA0000000005', 'MC0000000005');

INSERT INTO CONDUCTED_CAMPAIGNS (franchise_id, campaign_id)
VALUES ('FA0000000006', 'MC0000000006');

INSERT INTO CONDUCTED_CAMPAIGNS (franchise_id, campaign_id)
VALUES ('FA0000000007', 'MC0000000007');

INSERT INTO CONDUCTED_CAMPAIGNS (franchise_id, campaign_id)
VALUES ('FA0000000008', 'MC0000000008');

INSERT INTO CONDUCTED_CAMPAIGNS (franchise_id, campaign_id)
VALUES ('FA0000000009', 'MC0000000009');

INSERT INTO CONDUCTED_CAMPAIGNS (franchise_id, campaign_id)
VALUES ('FA0000000010', 'MC0000000010');

--COUPONS
INSERT INTO COUPONS (coupon_code, minPurchase_amt, coupExpiry, coupdiscountamt)
VALUES ('COUPON001', 100, TO_DATE('2025-01-15', 'YYYY-MM-DD'), 10);

INSERT INTO COUPONS (coupon_code, minPurchase_amt, coupExpiry, coupDiscountamt)
VALUES ('COUPON002', 150, TO_DATE('2025-01-20', 'YYYY-MM-DD'), 15);

INSERT INTO COUPONS (coupon_code, minPurchase_amt, coupExpiry, coupDiscountamt)
VALUES ('COUPON003', 200, TO_DATE('2025-01-25', 'YYYY-MM-DD'), 20);

INSERT INTO COUPONS (coupon_code, minPurchase_amt, coupExpiry, coupDiscountamt)
VALUES ('COUPON004', 250, TO_DATE('2025-01-30', 'YYYY-MM-DD'), 25);

INSERT INTO COUPONS (coupon_code, minPurchase_amt, coupExpiry, coupDiscountamt)
VALUES ('COUPON005', 300, TO_DATE('2025-02-05', 'YYYY-MM-DD'), 30);

INSERT INTO COUPONS (coupon_code, minPurchase_amt, coupExpiry, coupDiscountamt)
VALUES ('COUPON006', 350, TO_DATE('2025-02-10', 'YYYY-MM-DD'), 35);

INSERT INTO COUPONS (coupon_code, minPurchase_amt, coupExpiry, coupdiscountamt)
VALUES ('COUPON007', 400, TO_DATE('2025-02-15', 'YYYY-MM-DD'), 40);

INSERT INTO COUPONS (coupon_code, minPurchase_amt, coupExpiry, coupDiscountamt)
VALUES ('COUPON008', 450, TO_DATE('2025-02-20', 'YYYY-MM-DD'), 45);

INSERT INTO COUPONS (coupon_code, minPurchase_amt, coupExpiry, coupDiscountamt)
VALUES ('COUPON009', 500, TO_DATE('2025-02-25', 'YYYY-MM-DD'), 50);

INSERT INTO COUPONS (coupon_code, minPurchase_amt, coupExpiry, coupDiscountamt)
VALUES ('COUPON010', 550, TO_DATE('2025-02-28', 'YYYY-MM-DD'), 55);

--AVAIL_COUPONS
INSERT INTO AVAIL_COUPONS (promo_id, coupon_code)
VALUES ('PR0000000001', 'COUPON001');

INSERT INTO AVAIL_COUPONS (promo_id, coupon_code)
VALUES ('PR0000000002', 'COUPON002');

INSERT INTO AVAIL_COUPONS (promo_id, coupon_code)
VALUES ('PR0000000003', 'COUPON003');

INSERT INTO AVAIL_COUPONS (promo_id, coupon_code)
VALUES ('PR0000000004', 'COUPON004');

INSERT INTO AVAIL_COUPONS (promo_id, coupon_code)
VALUES ('PR0000000005', 'COUPON005');

INSERT INTO AVAIL_COUPONS (promo_id, coupon_code)
VALUES ('PR0000000006', 'COUPON006');

INSERT INTO AVAIL_COUPONS (promo_id, coupon_code)
VALUES ('PR0000000007', 'COUPON007');

INSERT INTO AVAIL_COUPONS (promo_id, coupon_code)
VALUES ('PR0000000008', 'COUPON008');

INSERT INTO AVAIL_COUPONS (promo_id, coupon_code)
VALUES ('PR0000000009', 'COUPON009');

INSERT INTO AVAIL_COUPONS (promo_id, coupon_code)
VALUES ('PR0000000010', 'COUPON010');

--CUSTOMER FEEDBACKS
--INSERT INTO CUSTOMER_FEEDBACKS (feedbackID, feedback_date, rating, service_used)
--VALUES ('FB00000001', TO_DATE('2024-11-02', 'YYYY-MM-DD'), 5, 'Home Delivery');
--
--INSERT INTO CUSTOMER_FEEDBACKS (feedbackID, feedback_date, rating, service_used)
--VALUES ('FB00000002', TO_DATE('2024-11-03', 'YYYY-MM-DD'), 4, 'Pick-Up');
--
--INSERT INTO CUSTOMER_FEEDBACKS (feedbackID, feedback_date, rating, service_used)
--VALUES ('FB00000003', TO_DATE('2024-11-04', 'YYYY-MM-DD'), 3, 'Home Delivery');
--
--INSERT INTO CUSTOMER_FEEDBACKS (feedbackID, feedback_date, rating, service_used)
--VALUES ('FB00000004', TO_DATE('2024-11-05', 'YYYY-MM-DD'), 5, 'Pick-Up');
--
--INSERT INTO CUSTOMER_FEEDBACKS (feedbackID, feedback_date, rating, service_used)
--VALUES ('FB00000005', TO_DATE('2024-11-06', 'YYYY-MM-DD'), 2, 'Home Delivery');
--
--INSERT INTO CUSTOMER_FEEDBACKS (feedbackID, feedback_date, rating, service_used)
--VALUES ('FB00000006', TO_DATE('2024-11-07', 'YYYY-MM-DD'), 4, 'Pick-Up');
--
--INSERT INTO CUSTOMER_FEEDBACKS (feedbackID, feedback_date, rating, service_used)
--VALUES ('FB00000007', TO_DATE('2024-11-08', 'YYYY-MM-DD'), 3, 'Home Delivery');
--
--INSERT INTO CUSTOMER_FEEDBACKS (feedbackID, feedback_date, rating, service_used)
--VALUES ('FB00000008', TO_DATE('2024-11-09', 'YYYY-MM-DD'), 5, 'Pick-Up');
--
--INSERT INTO CUSTOMER_FEEDBACKS (feedbackID, feedback_date, rating, service_used)
--VALUES ('FB00000009', TO_DATE('2024-11-10', 'YYYY-MM-DD'), 4, 'Home Delivery');
--
--INSERT INTO CUSTOMER_FEEDBACKS (feedbackID, feedback_date, rating, service_used)
--VALUES ('FB00000010', TO_DATE('2024-11-11', 'YYYY-MM-DD'), 2, 'Pick-Up');
--
--INSERT INTO CUSTOMER_FEEDBACKS (feedbackID, feedback_date, rating, service_used)
--VALUES ('FB00000011', TO_DATE('2024-12-02', 'YYYY-MM-DD'), 4, 'Pick up');
--INSERT INTO CUSTOMER_FEEDBACKS (feedbackID, feedback_date, rating, service_used)
--VALUES ('FB00000012', TO_DATE('2024-12-02', 'YYYY-MM-DD'), 3, 'Home Delivery');
--INSERT INTO CUSTOMER_FEEDBACKS (feedbackID, feedback_date, rating, service_used)
--VALUES ('FB00000013', TO_DATE('2024-11-22', 'YYYY-MM-DD'), 5, 'Pick up');
--INSERT INTO CUSTOMER_FEEDBACKS (feedbackID, feedback_date, rating, service_used)
--VALUES ('FB00000014', TO_DATE('2024-11-12', 'YYYY-MM-DD'), 5, 'Pick up');
--INSERT INTO CUSTOMER_FEEDBACKS (feedbackID, feedback_date, rating, service_used)
--VALUES ('FB00000015', TO_DATE('2024-11-22', 'YYYY-MM-DD'), 5, 'Pick up');
--
--INSERT INTO CUSTOMER_FEEDBACKS (feedbackID, feedback_date, rating, service_used)
--VALUES ('FB00000016', TO_DATE('2024-12-2', 'YYYY-MM-DD'), 4, 'Pick up');
--INSERT INTO CUSTOMER_FEEDBACKS (feedbackID, feedback_date, rating, service_used)
--VALUES ('FB00000017', TO_DATE('2024-12-2', 'YYYY-MM-DD'), 3, 'Home Delivery');
--INSERT INTO CUSTOMER_FEEDBACKS (feedbackID, feedback_date, rating, service_used)
--VALUES ('FB00000018', TO_DATE('2024-11-23', 'YYYY-MM-DD'), 5, 'Pick up');
--INSERT INTO CUSTOMER_FEEDBACKS (feedbackID, feedback_date, rating, service_used)
--VALUES ('FB00000019', TO_DATE('2024-11-23', 'YYYY-MM-DD'), 5, 'Pick up');
--INSERT INTO CUSTOMER_FEEDBACKS (feedbackID, feedback_date, rating, service_used)
--VALUES ('FB00000020', TO_DATE('2024-11-25', 'YYYY-MM-DD'), 5, 'Pick up');
--
--INSERT INTO CUSTOMER_FEEDBACKS (feedbackID, feedback_date, rating, service_used)
--VALUES ('FB00000021', TO_DATE('2024-10-2', 'YYYY-MM-DD'), 4, 'Pick up');
--INSERT INTO CUSTOMER_FEEDBACKS (feedbackID, feedback_date, rating, service_used)
--VALUES ('FB00000022', TO_DATE('2024-10-2', 'YYYY-MM-DD'), 3, 'Home Delivery');
--INSERT INTO CUSTOMER_FEEDBACKS (feedbackID, feedback_date, rating, service_used)
--VALUES ('FB00000023', TO_DATE('2024-9-23', 'YYYY-MM-DD'), 5, 'Pick up');
--INSERT INTO CUSTOMER_FEEDBACKS (feedbackID, feedback_date, rating, service_used)
--VALUES ('FB00000024', TO_DATE('2024-1-23', 'YYYY-MM-DD'), 5, 'Pick up');
--INSERT INTO CUSTOMER_FEEDBACKS (feedbackID, feedback_date, rating, service_used)
--VALUES ('FB00000025', TO_DATE('2024-1-25', 'YYYY-MM-DD'), 5, 'Pick up');

--select * from customer_feedbacks;
--truncate table CUSTOMER_ORDERS;
--truncate table lists;
--truncate table CUS_ordER_DETAIL;
--truncate table CUSTOMER_FEEDBACKS;
--truncate table feedback_info;
--select * from MCDcustomers;

INSERT INTO CUSTOMER_ORDERS (order_id, orderdate, Paymentmethod, deliverymethod, subtotal, franchise_id, cus_id, coupon_code)
VALUES ('CO0000000001', TO_DATE('2023-12-01', 'YYYY-MM-DD'), 'Credit Card', 'Home Delivery', 100.50, 'FA0000000001', 'MCDC0000000001', 'COUPON001');

INSERT INTO CUSTOMER_ORDERS (order_id, orderdate, Paymentmethod, deliverymethod, subtotal, franchise_id, cus_id, coupon_code)
VALUES ('CO0000000002', TO_DATE('2023-12-02', 'YYYY-MM-DD'), 'Debit Card', 'Pick-up', 200.75, 'FA0000000002', 'MCDC0000000002', 'COUPON002');

INSERT INTO CUSTOMER_ORDERS (order_id, orderdate, Paymentmethod, deliverymethod, subtotal, franchise_id, cus_id, coupon_code)
VALUES ('CO0000000003', TO_DATE('2023-12-03', 'YYYY-MM-DD'), 'UPI', 'Home Delivery', 150.20, 'FA0000000003', 'MCDC0000000003', 'COUPON003');

INSERT INTO CUSTOMER_ORDERS (order_id, orderdate, Paymentmethod, deliverymethod, subtotal, franchise_id, cus_id, coupon_code)
VALUES ('CO0000000004', TO_DATE('2023-12-04', 'YYYY-MM-DD'), 'Net Banking', 'Pick-up', 180.00, 'FA0000000004', 'MCDC0000000004', 'COUPON004');

INSERT INTO CUSTOMER_ORDERS (order_id, orderdate, Paymentmethod, deliverymethod, subtotal, franchise_id, cus_id, coupon_code)
VALUES ('CO0000000005', TO_DATE('2022-12-05', 'YYYY-MM-DD'), 'Cash', 'Home Delivery', 220.45, 'FA0000000005', 'MCDC0000000005', 'COUPON005');

INSERT INTO CUSTOMER_ORDERS (order_id, orderdate, Paymentmethod, deliverymethod, subtotal, franchise_id, cus_id, coupon_code)
VALUES ('CO0000000006', TO_DATE('2022-12-06', 'YYYY-MM-DD'), 'Credit Card', 'Pick-up', 300.99, 'FA0000000006', 'MCDC0000000006', 'COUPON006');

INSERT INTO CUSTOMER_ORDERS (order_id, orderdate, Paymentmethod, deliverymethod, subtotal, franchise_id, cus_id, coupon_code)
VALUES ('CO0000000007', TO_DATE('2022-12-07', 'YYYY-MM-DD'), 'Debit Card', 'Home Delivery', 250.70, 'FA0000000007', 'MCDC0000000007', 'COUPON007');

INSERT INTO CUSTOMER_ORDERS (order_id, orderdate, Paymentmethod, deliverymethod, subtotal, franchise_id, cus_id, coupon_code)
VALUES ('CO0000000008', TO_DATE('2023-12-08', 'YYYY-MM-DD'), 'UPI', 'Pick-up', 320.15, 'FA0000000008', 'MCDC0000000008', 'COUPON008');

INSERT INTO CUSTOMER_ORDERS (order_id, orderdate, Paymentmethod, deliverymethod, subtotal, franchise_id, cus_id, coupon_code)
VALUES ('CO0000000009', TO_DATE('2022-12-09', 'YYYY-MM-DD'), 'Net Banking', 'Home Delivery', 180.60, 'FA0000000009', 'MCDC0000000009', 'COUPON009');

INSERT INTO CUSTOMER_ORDERS (order_id, orderdate, Paymentmethod, deliverymethod, subtotal, franchise_id, cus_id, coupon_code)
VALUES ('CO0000000010', TO_DATE('2023-12-10', 'YYYY-MM-DD'), 'Cash', 'Pick-up', 400.85, 'FA0000000010', 'MCDC0000000010', 'COUPON010');

INSERT INTO CUSTOMER_ORDERS (order_id, orderdate, Paymentmethod, deliverymethod, subtotal, franchise_id, cus_id)
VALUES ('CO0000000011', TO_DATE('2024-12-01', 'YYYY-MM-DD'), 'Credit Card', 'Home Delivery', 222.50, 'FA0000000002', 'MCDC0000000002');

INSERT INTO CUSTOMER_ORDERS (order_id, orderdate, Paymentmethod, deliverymethod, subtotal, franchise_id, cus_id)
VALUES ('CO0000000012', TO_DATE('2024-12-11', 'YYYY-MM-DD'), 'Credit Card', 'Home Delivery', 500.50, 'FA0000000010', 'MCDC0000000010');

INSERT INTO CUSTOMER_ORDERS (order_id, orderdate, Paymentmethod, deliverymethod, subtotal, franchise_id, cus_id, coupon_code)
VALUES ('CO0000000013', TO_DATE('2024-11-1', 'YYYY-MM-DD'), 'Credit Card', 'Home Delivery', 100.50, 'FA0000000009', 'MCDC0000000009', 'COUPON010');

INSERT INTO CUSTOMER_ORDERS (order_id, orderdate, Paymentmethod, deliverymethod, subtotal, franchise_id, cus_id, coupon_code)
VALUES ('CO0000000014', TO_DATE('2022-11-11', 'YYYY-MM-DD'), 'Credit Card', 'Home Delivery', 400.50, 'FA0000000008', 'MCDC0000000008', 'COUPON009');

INSERT INTO CUSTOMER_ORDERS (order_id, orderdate, Paymentmethod, deliverymethod, subtotal, franchise_id, cus_id, coupon_code)
VALUES ('CO0000000015', TO_DATE('2024-12-01', 'YYYY-MM-DD'), 'Credit Card', 'Home Delivery', 100.50, 'FA0000000008', 'MCDC0000000006', 'COUPON005');

INSERT INTO CUSTOMER_ORDERS (order_id, orderdate, Paymentmethod, deliverymethod, subtotal, franchise_id, cus_id, coupon_code)
VALUES ('CO0000000016', TO_DATE('2022-11-5', 'YYYY-MM-DD'), 'Credit Card', 'Home Delivery', 150.50, 'FA0000000007', 'MCDC0000000007', 'COUPON007');
INSERT INTO CUSTOMER_ORDERS (order_id, orderdate, Paymentmethod, deliverymethod, subtotal, franchise_id, cus_id, coupon_code)
VALUES ('CO0000000017', TO_DATE('2024-12-01', 'YYYY-MM-DD'), 'Credit Card', 'Home Delivery', 100.50, 'FA0000000001', 'MCDC0000000008', 'COUPON009');
INSERT INTO CUSTOMER_ORDERS (order_id, orderdate, Paymentmethod, deliverymethod, subtotal, franchise_id, cus_id, coupon_code)
VALUES ('CO0000000018', TO_DATE('2024-12-01', 'YYYY-MM-DD'), 'Credit Card', 'Home Delivery', 100.50, 'FA0000000001', 'MCDC0000000010', 'COUPON002');
INSERT INTO CUSTOMER_ORDERS (order_id orderdate, Paymentmethod, deliverymethod, subtotal, franchise_id, cus_id, coupon_code)
VALUES ('CO0000000019', TO_DATE('2023-12-01', 'YYYY-MM-DD'), 'Credit Card', 'Home Delivery', 100.50, 'FA0000000001', 'MCDC0000000010', 'COUPON003');
INSERT INTO CUSTOMER_ORDERS (order_id, orderdate, Paymentmethod, deliverymethod, subtotal, franchise_id, cus_id, coupon_code)
VALUES ('CO0000000020', TO_DATE('2024-12-01', 'YYYY-MM-DD'), 'Credit Card', 'Home Delivery', 100.50, 'FA0000000001', 'MCDC0000000001', 'COUPON004');
INSERT INTO CUSTOMER_ORDERS (order_id, orderdate, Paymentmethod, deliverymethod, subtotal, franchise_id, cus_id, coupon_code)
VALUES ('CO0000000021', TO_DATE('2023-12-01', 'YYYY-MM-DD'), 'Credit Card', 'Home Delivery', 100.50, 'FA0000000001', 'MCDC0000000001', 'COUPON005');
INSERT INTO CUSTOMER_ORDERS (order_id, orderdate, Paymentmethod, deliverymethod, subtotal, franchise_id, cus_id, coupon_code)
VALUES ('CO0000000022', TO_DATE('2024-12-01', 'YYYY-MM-DD'), 'Credit Card', 'Home Delivery', 100.50, 'FA0000000005', 'MCDC0000000010', 'COUPON006');
INSERT INTO CUSTOMER_ORDERS (order_id, orderdate, Paymentmethod, deliverymethod, subtotal, franchise_id, cus_id, coupon_code)
VALUES ('CO0000000023', TO_DATE('2023-12-01', 'YYYY-MM-DD'), 'Credit Card', 'Home Delivery', 100.50, 'FA0000000002', 'MCDC0000000003', 'COUPON002');
INSERT INTO CUSTOMER_ORDERS (order_id, orderdate, Paymentmethod, deliverymethod, subtotal, franchise_id, cus_id, coupon_code)
VALUES ('CO0000000024', TO_DATE('2024-12-01', 'YYYY-MM-DD'), 'Credit Card', 'Home Delivery', 100.50, 'FA0000000003', 'MCDC0000000004', 'COUPON003');
INSERT INTO CUSTOMER_ORDERS (order_id, orderdate, Paymentmethod, deliverymethod, subtotal, franchise_id, cus_id, coupon_code)
VALUES ('CO0000000025', TO_DATE('2024-12-01', 'YYYY-MM-DD'), 'Credit Card', 'Home Delivery', 100.50, 'FA0000000004', 'MCDC0000000005', 'COUPON002');
INSERT INTO CUSTOMER_ORDERS (order_id, orderdate, Paymentmethod, deliverymethod, subtotal, franchise_id, cus_id)
VALUES ('CO0000000026', TO_DATE('2024-12-01', 'YYYY-MM-DD'), 'Credit Card', 'Home Delivery', 100.50, 'FA0000000008', 'MCDC0000000001');
INSERT INTO CUSTOMER_ORDERS (order_id, orderdate, Paymentmethod, deliverymethod, subtotal, franchise_id, cus_id, coupon_code) VALUES ('CO0000000027', TO_DATE('2022-03-15', 'YYYY-MM-DD'), 'Credit Card', 'Home Delivery', 150.75, 'FA0000000001', 'MCDC0000000001', 'COUPON001');
INSERT INTO CUSTOMER_ORDERS (order_id, orderdate, Paymentmethod, deliverymethod, subtotal, franchise_id, cus_id, coupon_code) VALUES ('CO0000000028', TO_DATE('2022-07-22', 'YYYY-MM-DD'), 'PayPal', 'Pickup', 200.00, 'FA0000000001', 'MCDC0000000002', 'COUPON002');
INSERT INTO CUSTOMER_ORDERS (order_id, orderdate, Paymentmethod, deliverymethod, subtotal, franchise_id, cus_id, coupon_code) VALUES ('CO0000000029', TO_DATE('2022-11-30', 'YYYY-MM-DD'), 'Debit Card', 'Home Delivery', 175.50, 'FA0000000001', 'MCDC0000000003', 'COUPON003');
INSERT INTO CUSTOMER_ORDERS (order_id, orderdate, Paymentmethod, deliverymethod, subtotal, franchise_id, cus_id, coupon_code) VALUES ('CO0000000030', TO_DATE('2023-02-14', 'YYYY-MM-DD'), 'Cash', 'Pickup', 120.25, 'FA0000000001', 'MCDC0000000004', 'COUPON004');
INSERT INTO CUSTOMER_ORDERS (order_id, orderdate, Paymentmethod, deliverymethod, subtotal, franchise_id, cus_id, coupon_code) VALUES ('CO0000000031', TO_DATE('2023-06-01', 'YYYY-MM-DD'), 'Credit Card', 'Home Delivery', 300.00, 'FA0000000001', 'MCDC0000000005', 'COUPON005');
INSERT INTO CUSTOMER_ORDERS (order_id, orderdate, Paymentmethod, deliverymethod, subtotal, franchise_id, cus_id, coupon_code) VALUES ('CO0000000032', TO_DATE('2023-10-10', 'YYYY-MM-DD'), 'PayPal', 'Home Delivery', 250.50, 'FA0000000001', 'MCDC0000000006', 'COUPON006');
INSERT INTO CUSTOMER_ORDERS (order_id, orderdate, Paymentmethod, deliverymethod, subtotal, franchise_id, cus_id, coupon_code) VALUES ('CO0000000033', TO_DATE('2024-01-05', 'YYYY-MM-DD'), 'Credit Card', 'Pickup', 180.75, 'FA0000000001', 'MCDC0000000007', 'COUPON007');
INSERT INTO CUSTOMER_ORDERS (order_id, orderdate, Paymentmethod, deliverymethod, subtotal, franchise_id, cus_id, coupon_code) VALUES ('CO0000000034', TO_DATE('2024-04-20', 'YYYY-MM-DD'), 'Debit Card', 'Home Delivery', 220.00, 'FA0000000001', 'MCDC0000000008', 'COUPON008');
INSERT INTO CUSTOMER_ORDERS (order_id, orderdate, Paymentmethod, deliverymethod, subtotal, franchise_id, cus_id, coupon_code) VALUES ('CO0000000035', TO_DATE('2024-08-15', 'YYYY-MM-DD'), 'Cash', 'Pickup', 190.25, 'FA0000000001', 'MCDC0000000009', 'COUPON009');
INSERT INTO CUSTOMER_ORDERS (order_id, orderdate, Paymentmethod, deliverymethod, subtotal, franchise_id, cus_id, coupon_code) VALUES ('CO0000000036', TO_DATE('2022-05-03', 'YYYY-MM-DD'), 'Credit Card', 'Home Delivery', 160.00, 'FA0000000002', 'MCDC0000000010', 'COUPON010');
INSERT INTO CUSTOMER_ORDERS (order_id, orderdate, Paymentmethod, deliverymethod, subtotal, franchise_id, cus_id, coupon_code) VALUES ('CO0000000037', TO_DATE('2022-09-18', 'YYYY-MM-DD'), 'PayPal', 'Pickup', 210.50, 'FA0000000002', 'MCDC0000000001', 'COUPON001');
INSERT INTO CUSTOMER_ORDERS (order_id, orderdate, Paymentmethod, deliverymethod, subtotal, franchise_id, cus_id, coupon_code) VALUES ('CO0000000038', TO_DATE('2022-12-25', 'YYYY-MM-DD'), 'Debit Card', 'Home Delivery', 185.75, 'FA0000000002', 'MCDC0000000002', 'COUPON002');
INSERT INTO CUSTOMER_ORDERS (order_id, orderdate, Paymentmethod, deliverymethod, subtotal, franchise_id, cus_id, coupon_code) VALUES ('CO0000000039', TO_DATE('2023-03-30', 'YYYY-MM-DD'), 'Cash', 'Pickup', 130.00, 'FA0000000002', 'MCDC0000000003', 'COUPON003');
INSERT INTO CUSTOMER_ORDERS (order_id, orderdate, Paymentmethod, deliverymethod, subtotal, franchise_id, cus_id, coupon_code) VALUES ('CO0000000040', TO_DATE('2023-07-12', 'YYYY-MM-DD'), 'Credit Card', 'Home Delivery', 310.25, 'FA0000000002', 'MCDC0000000004', 'COUPON004');
INSERT INTO CUSTOMER_ORDERS (order_id, orderdate, Paymentmethod, deliverymethod, subtotal, franchise_id, cus_id, coupon_code) VALUES ('CO0000000041', TO_DATE('2023-11-22', 'YYYY-MM-DD'), 'PayPal', 'Home Delivery', 260.00, 'FA0000000002', 'MCDC0000000005', 'COUPON005');
INSERT INTO CUSTOMER_ORDERS (order_id, orderdate, Paymentmethod, deliverymethod, subtotal, franchise_id, cus_id, coupon_code) VALUES ('CO0000000042', TO_DATE('2024-02-28', 'YYYY-MM-DD'), 'Credit Card', 'Pickup', 190.50, 'FA0000000002', 'MCDC0000000006', 'COUPON006');
INSERT INTO CUSTOMER_ORDERS (order_id, orderdate, Paymentmethod, deliverymethod, subtotal, franchise_id, cus_id, coupon_code) VALUES ('CO0000000043', TO_DATE('2024-06-10', 'YYYY-MM-DD'), 'Debit Card', 'Home Delivery', 230.75, 'FA0000000002', 'MCDC0000000007', 'COUPON007');
INSERT INTO CUSTOMER_ORDERS (order_id, orderdate, Paymentmethod, deliverymethod, subtotal, franchise_id, cus_id, coupon_code) VALUES ('CO0000000044', TO_DATE('2024-10-05', 'YYYY-MM-DD'), 'Cash', 'Pickup', 200.00, 'FA0000000002', 'MCDC0000000008', 'COUPON008');
INSERT INTO CUSTOMER_ORDERS (order_id, orderdate, Paymentmethod, deliverymethod, subtotal, franchise_id, cus_id, coupon_code) VALUES ('CO0000000045', TO_DATE('2022-04-08', 'YYYY-MM-DD'), 'Credit Card', 'Home Delivery', 170.25, 'FA0000000003', 'MCDC0000000009', 'COUPON009');
INSERT INTO CUSTOMER_ORDERS (order_id, orderdate, Paymentmethod, deliverymethod, subtotal, franchise_id, cus_id, coupon_code) VALUES ('CO0000000046', TO_DATE('2022-08-20', 'YYYY-MM-DD'), 'PayPal', 'Pickup', 220.00, 'FA0000000003', 'MCDC0000000010', 'COUPON010');
INSERT INTO CUSTOMER_ORDERS (order_id, orderdate, Paymentmethod, deliverymethod, subtotal, franchise_id, cus_id, coupon_code) VALUES ('CO0000000047', TO_DATE('2022-12-01', 'YYYY-MM-DD'), 'Debit Card', 'Home Delivery', 195.50, 'FA0000000003', 'MCDC0000000001', 'COUPON001');
INSERT INTO CUSTOMER_ORDERS (order_id, orderdate, Paymentmethod, deliverymethod, subtotal, franchise_id, cus_id, coupon_code) VALUES ('CO0000000048', TO_DATE('2023-04-15', 'YYYY-MM-DD'), 'Cash', 'Pickup', 140.75, 'FA0000000003', 'MCDC0000000002', 'COUPON002');
INSERT INTO CUSTOMER_ORDERS (order_id, orderdate, Paymentmethod, deliverymethod, subtotal, franchise_id, cus_id, coupon_code) VALUES ('CO0000000049', TO_DATE('2023-08-30', 'YYYY-MM-DD'), 'Credit Card', 'Home Delivery', 320.00, 'FA0000000003', 'MCDC0000000003', 'COUPON003');
INSERT INTO CUSTOMER_ORDERS (order_id, orderdate, Paymentmethod, deliverymethod, subtotal, franchise_id, cus_id, coupon_code) VALUES ('CO0000000050', TO_DATE('2023-12-10', 'YYYY-MM-DD'), 'PayPal', 'Home Delivery', 270.25, 'FA0000000003', 'MCDC0000000004', 'COUPON004');
INSERT INTO CUSTOMER_ORDERS (order_id, orderdate, Paymentmethod, deliverymethod, subtotal, franchise_id, cus_id, coupon_code) VALUES ('CO0000000051', TO_DATE('2024-03-25', 'YYYY-MM-DD'), 'Credit Card', 'Pickup', 200.50, 'FA0000000003', 'MCDC0000000005', 'COUPON005');
INSERT INTO CUSTOMER_ORDERS (order_id, orderdate, Paymentmethod, deliverymethod, subtotal, franchise_id, cus_id, coupon_code) VALUES ('CO0000000052', TO_DATE('2024-07-08', 'YYYY-MM-DD'), 'Debit Card', 'Home Delivery', 240.00, 'FA0000000003', 'MCDC0000000006', 'COUPON006');
INSERT INTO CUSTOMER_ORDERS (order_id, orderdate, Paymentmethod, deliverymethod, subtotal, franchise_id, cus_id, coupon_code) VALUES ('CO0000000053', TO_DATE('2024-11-20', 'YYYY-MM-DD'), 'Cash', 'Pickup', 210.75, 'FA0000000003', 'MCDC0000000007', 'COUPON007');
INSERT INTO CUSTOMER_ORDERS (order_id, orderdate, Paymentmethod, deliverymethod, subtotal, franchise_id, cus_id, coupon_code) VALUES ('CO0000000054', TO_DATE('2022-06-05', 'YYYY-MM-DD'), 'Credit Card', 'Home Delivery', 180.00, 'FA0000000004', 'MCDC0000000008', 'COUPON008');
INSERT INTO CUSTOMER_ORDERS (order_id, orderdate, Paymentmethod, deliverymethod, subtotal, franchise_id, cus_id, coupon_code) VALUES ('CO0000000055', TO_DATE('2023-01-18', 'YYYY-MM-DD'), 'PayPal', 'Pickup', 230.25, 'FA0000000004', 'MCDC0000000009', 'COUPON009');
INSERT INTO CUSTOMER_ORDERS (order_id, orderdate, Paymentmethod, deliverymethod, subtotal, franchise_id, cus_id, coupon_code) VALUES ('CO0000000056', TO_DATE('2024-05-30', 'YYYY-MM-DD'), 'Debit Card', 'Home Delivery', 205.00, 'FA0000000004', 'MCDC0000000010', 'COUPON010');

--CUSTOMER_FEEDBACKS
INSERT INTO CUSTOMER_FEEDBACKS (feedbackID, feedback_date, rating, service_used)
VALUES ('FB0000000001', TO_DATE('2024-12-03', 'YYYY-MM-DD'), 4, 'Home Delivery');

INSERT INTO CUSTOMER_FEEDBACKS (feedbackID, feedback_date, rating, service_used)
VALUES ('FB0000000002', TO_DATE('2024-12-04', 'YYYY-MM-DD'), 5, 'Pick-up');

INSERT INTO CUSTOMER_FEEDBACKS (feedbackID, feedback_date, rating, service_used)
VALUES ('FB0000000003', TO_DATE('2024-12-05', 'YYYY-MM-DD'), 3, 'Home Delivery');

INSERT INTO CUSTOMER_FEEDBACKS (feedbackID, feedback_date, rating, service_used)
VALUES ('FB0000000004', TO_DATE('2024-12-06', 'YYYY-MM-DD'), 4, 'Pick-up');

INSERT INTO CUSTOMER_FEEDBACKS (feedbackID, feedback_date, rating, service_used)
VALUES ('FB0000000005', TO_DATE('2024-12-07', 'YYYY-MM-DD'), 5, 'Home Delivery');

INSERT INTO CUSTOMER_FEEDBACKS (feedbackID, feedback_date, rating, service_used)
VALUES ('FB0000000006', TO_DATE('2024-12-08', 'YYYY-MM-DD'), 4, 'Pick-up');

INSERT INTO CUSTOMER_FEEDBACKS (feedbackID, feedback_date, rating, service_used)
VALUES ('FB0000000007', TO_DATE('2024-12-09', 'YYYY-MM-DD'), 3, 'Home Delivery');

INSERT INTO CUSTOMER_FEEDBACKS (feedbackID, feedback_date, rating, service_used)
VALUES ('FB0000000008', TO_DATE('2024-12-10', 'YYYY-MM-DD'), 5, 'Pick-up');

INSERT INTO CUSTOMER_FEEDBACKS (feedbackID, feedback_date, rating, service_used)
VALUES ('FB0000000009', TO_DATE('2024-12-11', 'YYYY-MM-DD'), 4, 'Home Delivery');

INSERT INTO CUSTOMER_FEEDBACKS (feedbackID, feedback_date, rating, service_used)
VALUES ('FB0000000010', TO_DATE('2024-12-12', 'YYYY-MM-DD'), 5, 'Pick-up');

INSERT INTO CUSTOMER_FEEDBACKS (feedbackID, feedback_date, rating, service_used)
VALUES ('FB0000000011', TO_DATE('2024-12-03', 'YYYY-MM-DD'), 4, 'Home Delivery');

INSERT INTO CUSTOMER_FEEDBACKS (feedbackID, feedback_date, rating, service_used)
VALUES ('FB0000000012', TO_DATE('2024-12-13', 'YYYY-MM-DD'), 5, 'Home Delivery');

INSERT INTO CUSTOMER_FEEDBACKS (feedbackID, feedback_date, rating, service_used)
VALUES ('FB0000000013', TO_DATE('2024-11-03', 'YYYY-MM-DD'), 3, 'Home Delivery');

INSERT INTO CUSTOMER_FEEDBACKS (feedbackID, feedback_date, rating, service_used)
VALUES ('FB0000000014', TO_DATE('2024-11-13', 'YYYY-MM-DD'), 4, 'Home Delivery');

INSERT INTO CUSTOMER_FEEDBACKS (feedbackID, feedback_date, rating, service_used)
VALUES ('FB0000000015', TO_DATE('2024-12-03', 'YYYY-MM-DD'), 5, 'Home Delivery');

INSERT INTO CUSTOMER_FEEDBACKS (feedbackID, feedback_date, rating, service_used)
VALUES ('FB0000000016', TO_DATE('2024-11-07', 'YYYY-MM-DD'), 4, 'Home Delivery');

INSERT INTO CUSTOMER_FEEDBACKS (feedbackID, feedback_date, rating, service_used)
VALUES ('FB0000000017', TO_DATE('2024-12-03', 'YYYY-MM-DD'), 3, 'Home Delivery');

INSERT INTO CUSTOMER_FEEDBACKS (feedbackID, feedback_date, rating, service_used)
VALUES ('FB0000000018', TO_DATE('2024-12-03', 'YYYY-MM-DD'), 5, 'Home Delivery');

INSERT INTO CUSTOMER_FEEDBACKS (feedbackID, feedback_date, rating, service_used)
VALUES ('FB0000000019', TO_DATE('2024-12-03', 'YYYY-MM-DD'), 4, 'Home Delivery');

INSERT INTO CUSTOMER_FEEDBACKS (feedbackID, feedback_date, rating, service_used)
VALUES ('FB0000000020', TO_DATE('2024-12-03', 'YYYY-MM-DD'), 5, 'Home Delivery');

INSERT INTO CUSTOMER_FEEDBACKS (feedbackID, feedback_date, rating, service_used)
VALUES ('FB0000000021', TO_DATE('2024-12-03', 'YYYY-MM-DD'), 4, 'Home Delivery');

INSERT INTO CUSTOMER_FEEDBACKS (feedbackID, feedback_date, rating, service_used)
VALUES ('FB0000000022', TO_DATE('2024-12-03', 'YYYY-MM-DD'), 3, 'Home Delivery');

INSERT INTO CUSTOMER_FEEDBACKS (feedbackID, feedback_date, rating, service_used)
VALUES ('FB0000000023', TO_DATE('2024-12-03', 'YYYY-MM-DD'), 5, 'Home Delivery');

INSERT INTO CUSTOMER_FEEDBACKS (feedbackID, feedback_date, rating, service_used)
VALUES ('FB0000000024', TO_DATE('2024-12-03', 'YYYY-MM-DD'), 4, 'Home Delivery');

INSERT INTO CUSTOMER_FEEDBACKS (feedbackID, feedback_date, rating, service_used)
VALUES ('FB0000000025', TO_DATE('2024-12-03', 'YYYY-MM-DD'), 5, 'Home Delivery');

INSERT INTO CUSTOMER_FEEDBACKS (feedbackID, feedback_date, rating, service_used)
VALUES ('FB0000000026', TO_DATE('2024-12-03', 'YYYY-MM-DD'), 4, 'Home Delivery');

--truncate table customer_orders;
--truncate table lists;
--LISTS
INSERT INTO LISTS (order_id, mitemID) VALUES ('CO0000000022', 'MI0000000011');
INSERT INTO LISTS (order_id, mitemID) VALUES ('CO0000000019', 'MI0000000004');
INSERT INTO LISTS (order_id, mitemID) VALUES ('CO0000000001', 'MI0000000008');
INSERT INTO LISTS (order_id, mitemID) VALUES ('CO0000000010', 'MI0000000001');
INSERT INTO LISTS (order_id, mitemID) VALUES ('CO0000000004', 'MI0000000005');
INSERT INTO LISTS (order_id, mitemID) VALUES ('CO0000000006', 'MI0000000010');
INSERT INTO LISTS (order_id, mitemID) VALUES ('CO0000000006', 'MI0000000007');
INSERT INTO LISTS (order_id, mitemID) VALUES ('CO0000000021', 'MI0000000009');
INSERT INTO LISTS (order_id, mitemID) VALUES ('CO0000000024', 'MI0000000009');
INSERT INTO LISTS (order_id, mitemID) VALUES ('CO0000000022', 'MI0000000009');
INSERT INTO LISTS (order_id, mitemID) VALUES ('CO0000000016', 'MI0000000010');
INSERT INTO LISTS (order_id, mitemID) VALUES ('CO0000000001', 'MI0000000005');
INSERT INTO LISTS (order_id, mitemID) VALUES ('CO0000000020', 'MI0000000008');
INSERT INTO LISTS (order_id, mitemID) VALUES ('CO0000000025', 'MI0000000004');
INSERT INTO LISTS (order_id, mitemID) VALUES ('CO0000000007', 'MI0000000011');
INSERT INTO LISTS (order_id, mitemID) VALUES ('CO0000000002', 'MI0000000009');
INSERT INTO LISTS (order_id, mitemID) VALUES ('CO0000000016', 'MI0000000006');
INSERT INTO LISTS (order_id, mitemID) VALUES ('CO0000000026', 'MI0000000011');
INSERT INTO LISTS (order_id, mitemID) VALUES ('CO0000000026', 'MI0000000009');
INSERT INTO LISTS (order_id, mitemID) VALUES ('CO0000000007', 'MI0000000007');
INSERT INTO LISTS (order_id, mitemID) VALUES ('CO0000000015', 'MI0000000010');
INSERT INTO LISTS (order_id, mitemID) VALUES ('CO0000000005', 'MI0000000007');
INSERT INTO LISTS (order_id, mitemID) VALUES ('CO0000000004', 'MI0000000009');
INSERT INTO LISTS (order_id, mitemID) VALUES ('CO0000000014', 'MI0000000001');
INSERT INTO LISTS (order_id, mitemID) VALUES ('CO0000000019', 'MI0000000009');
INSERT INTO LISTS (order_id, mitemID) VALUES ('CO0000000025', 'MI0000000009');
INSERT INTO LISTS (order_id, mitemID) VALUES ('CO0000000019', 'MI0000000011');
INSERT INTO LISTS (order_id, mitemID) VALUES ('CO0000000015', 'MI0000000011');
INSERT INTO LISTS (order_id, mitemID) VALUES ('CO0000000021', 'MI0000000003');
INSERT INTO LISTS (order_id, mitemID) VALUES ('CO0000000017', 'MI0000000007');

--select * from menu_items;

--CUSTOMER_FEEDBACK
INSERT INTO FEEDBACK_INFO (cus_id, order_id, feedbackID)
VALUES ('MCDC0000000001', 'CO0000000001', 'FB0000000001');

INSERT INTO FEEDBACK_INFO (cus_id, order_id, feedbackID)
VALUES ('MCDC0000000002', 'CO0000000002', 'FB0000000002');

INSERT INTO FEEDBACK_INFO (cus_id, order_id, feedbackID)
VALUES ('MCDC0000000003', 'CO0000000003', 'FB0000000003');

INSERT INTO FEEDBACK_INFO (cus_id, order_id, feedbackID)
VALUES ('MCDC0000000004', 'CO0000000004', 'FB0000000004');

INSERT INTO FEEDBACK_INFO (cus_id, order_id, feedbackID)
VALUES ('MCDC0000000005', 'CO0000000005', 'FB0000000005');

INSERT INTO FEEDBACK_INFO (cus_id, order_id, feedbackID)
VALUES ('MCDC0000000006', 'CO0000000006', 'FB0000000006');

INSERT INTO FEEDBACK_INFO (cus_id, order_id, feedbackID)
VALUES ('MCDC0000000007', 'CO0000000007', 'FB0000000007');

INSERT INTO FEEDBACK_INFO (cus_id, order_id, feedbackID)
VALUES ('MCDC0000000008', 'CO0000000008', 'FB0000000008');

INSERT INTO FEEDBACK_INFO (cus_id, order_id, feedbackID)
VALUES ('MCDC0000000009', 'CO0000000009', 'FB0000000009');

INSERT INTO FEEDBACK_INFO (cus_id, order_id, feedbackID)
VALUES ('MCDC0000000010', 'CO0000000010', 'FB0000000010');

INSERT INTO FEEDBACK_INFO (cus_id, order_id, feedbackID)
VALUES ('MCDC0000000002', 'CO0000000011', 'FB0000000011');

INSERT INTO FEEDBACK_INFO (cus_id, order_id, feedbackID)
VALUES ('MCDC0000000010', 'CO0000000012', 'FB0000000012');

INSERT INTO FEEDBACK_INFO (cus_id, order_id, feedbackID)
VALUES ('MCDC0000000009', 'CO0000000013', 'FB0000000013');

INSERT INTO FEEDBACK_INFO (cus_id, order_id, feedbackID)
VALUES ('MCDC0000000008', 'CO0000000014', 'FB0000000014');

INSERT INTO FEEDBACK_INFO (cus_id, order_id, feedbackID)
VALUES ('MCDC0000000006', 'CO0000000015', 'FB0000000015');

INSERT INTO FEEDBACK_INFO (cus_id, order_id, feedbackID)
VALUES ('MCDC0000000007', 'CO0000000016', 'FB0000000016');

INSERT INTO FEEDBACK_INFO (cus_id, order_id, feedbackID)
VALUES ('MCDC0000000008', 'CO0000000017', 'FB0000000017');

INSERT INTO FEEDBACK_INFO (cus_id, order_id, feedbackID)
VALUES ('MCDC0000000010', 'CO0000000018', 'FB0000000018');

INSERT INTO FEEDBACK_INFO (cus_id, order_id, feedbackID)
VALUES ('MCDC0000000010', 'CO0000000019', 'FB0000000019');

INSERT INTO FEEDBACK_INFO (cus_id, order_id, feedbackID)
VALUES ('MCDC0000000001', 'CO0000000020', 'FB0000000020');

INSERT INTO FEEDBACK_INFO (cus_id, order_id, feedbackID)
VALUES ('MCDC0000000001', 'CO0000000021', 'FB0000000021');

INSERT INTO FEEDBACK_INFO (cus_id, order_id, feedbackID)
VALUES ('MCDC0000000010', 'CO0000000022', 'FB0000000022');

INSERT INTO FEEDBACK_INFO (cus_id, order_id, feedbackID)
VALUES ('MCDC0000000003', 'CO0000000023', 'FB0000000023');

INSERT INTO FEEDBACK_INFO (cus_id, order_id, feedbackID)
VALUES ('MCDC0000000004', 'CO0000000024', 'FB0000000024');

INSERT INTO FEEDBACK_INFO (cus_id, order_id, feedbackID)
VALUES ('MCDC0000000005', 'CO0000000025', 'FB0000000025');

INSERT INTO FEEDBACK_INFO (cus_id, order_id, feedbackID)
VALUES ('MCDC0000000001', 'CO0000000026', 'FB0000000026');
